Question,Annotation
Question,label
RecipeID: 18181<br>,A3
RecipeID: 25569<br>,A5
RecipeID: 01136<br>,A3
RecipeID: 24707<br>,A4
RecipeID: 23245<br>,A3
RecipeID: 36540<br>,A2
RecipeID: 35329<br>,A5
RecipeID: 24678<br>,A3
RecipeID: 42566<br>,A5
RecipeID: 31790<br>,A3
RecipeID: 29870<br>,A5
RecipeID: 36968<br>,A3
RecipeID: 06270<br>,A3
RecipeID: 24761<br>,A1
RecipeID: 46965<br>,A5
RecipeID: 26881<br>,A5
RecipeID: 44422<br>,A2
RecipeID: 27609<br>,A3
RecipeID: 25949<br>,A5
RecipeID: 09932<br>,A2
RecipeID: 20992<br>,A1
RecipeID: 37439<br>,A3
RecipeID: 26848<br>,A5
RecipeID: 05356<br>,A5
RecipeID: 30432<br>,A5
RecipeID: 41253<br>,A3
RecipeID: 29625<br>,A4
RecipeID: 19254<br>,A2
RecipeID: 45173<br>,A3
RecipeID: 08026<br>,A3
RecipeID: 14027<br>,A2
RecipeID: 09577<br>,A5
RecipeID: 53374<br>,A1
RecipeID: 24649<br>,A5
RecipeID: 12914<br>,A3
RecipeID: 27424<br>,A1
RecipeID: 05021<br>,A3
RecipeID: 41075<br>,A3
RecipeID: 03788<br>,A5
RecipeID: 36636<br>,A3
RecipeID: 05381<br>,A4
RecipeID: 03770<br>,A5
RecipeID: 06901<br>,A5
RecipeID: 18253<br>,A5
RecipeID: 16539<br>,A4
RecipeID: 05118<br>,A1
RecipeID: 50479<br>,A2
RecipeID: 09254<br>,A2
RecipeID: 02264<br>,A5
RecipeID: 45758<br>,A5
RecipeID: 36187<br>,A1
RecipeID: 47316<br>,A6
RecipeID: 51416<br>,A4
RecipeID: 53719<br>,A5
RecipeID: 07678<br>,A5
RecipeID: 43918<br>,A2
RecipeID: 42477<br>,A1
RecipeID: 35095<br>,A6
RecipeID: 03626<br>,A3
RecipeID: 15313<br>,A1
RecipeID: 46449<br>,A5
RecipeID: 01830<br>,A1
RecipeID: 15870<br>,A2
RecipeID: 29765<br>,A3
RecipeID: 47686<br>,A3
RecipeID: 11924<br>,A3
RecipeID: 11035<br>,A5
RecipeID: 03888<br>,A3
RecipeID: 06077<br>,A5
RecipeID: 39605<br>,A5
RecipeID: 25141<br>,A3
RecipeID: 17793<br>,A2
RecipeID: 53138<br>,A3
RecipeID: 17110<br>,A3
RecipeID: 46309<br>,A5
RecipeID: 08521<br>,A2
RecipeID: 51349<br>,A5
RecipeID: 38948<br>,A5
RecipeID: 29810<br>,A2
RecipeID: 23436<br>,A5
RecipeID: 00387<br>,A3
RecipeID: 27461<br>,A3
RecipeID: 44884<br>,A3
RecipeID: 15226<br>,A3
RecipeID: 00705<br>,A1
RecipeID: 35668<br>,A5
RecipeID: 04143<br>,A3
RecipeID: 02530<br>,A2
RecipeID: 01528<br>,A2
RecipeID: 12430<br>,A5
RecipeID: 09988<br>,A3
RecipeID: 02681<br>,A1
RecipeID: 42409<br>,A1
RecipeID: 18289<br>,A3
RecipeID: 40327<br>,A1
RecipeID: 51805<br>,A4
RecipeID: 30492<br>,A5
RecipeID: 31072<br>,A5
RecipeID: 53994<br>,A2
RecipeID: 13565<br>,A5
RecipeID: 19643<br>,A3
RecipeID: 16841<br>,A5
RecipeID: 51977<br>,A1
RecipeID: 44198<br>,A3
RecipeID: 08964<br>,A3
RecipeID: 09227<br>,A5
RecipeID: 04803<br>,A2
RecipeID: 33858<br>,A1
RecipeID: 53074<br>,A5
RecipeID: 00148<br>,A3
RecipeID: 32174<br>,A5
RecipeID: 00977<br>,A5
RecipeID: 52528<br>,A3
RecipeID: 19617<br>,A3
RecipeID: 17101<br>,A5
RecipeID: 37723<br>,A1
RecipeID: 15009<br>,A5
RecipeID: 39354<br>,A4
RecipeID: 46735<br>,A2
RecipeID: 32618<br>,A1
RecipeID: 00445<br>,A3
RecipeID: 55055<br>,A1
RecipeID: 01349<br>,A4
RecipeID: 52653<br>,A2
RecipeID: 05525<br>,A2
RecipeID: 04068<br>,A2
RecipeID: 16057<br>,A4
RecipeID: 44158<br>,A3
RecipeID: 50406<br>,A1
RecipeID: 40101<br>,A3
RecipeID: 01372<br>,A5
RecipeID: 07152<br>,A3
RecipeID: 33704<br>,A3
RecipeID: 44706<br>,A2
RecipeID: 25023<br>,A5
RecipeID: 06826<br>,A2
RecipeID: 00074<br>,A4
RecipeID: 46658<br>,A4
RecipeID: 23985<br>,A3
RecipeID: 46103<br>,A3
RecipeID: 38693<br>,A5
RecipeID: 53061<br>,A1
RecipeID: 44432<br>,A5
RecipeID: 24397<br>,A4
RecipeID: 47479<br>,A5
RecipeID: 27355<br>,A4
RecipeID: 44139<br>,A4
RecipeID: 26898<br>,A3
RecipeID: 41951<br>,A3
RecipeID: 37762<br>,A4
RecipeID: 45832<br>,A2
RecipeID: 37732<br>,A3
RecipeID: 35197<br>,A4
RecipeID: 37895<br>,A5
RecipeID: 49653<br>,A3
RecipeID: 07712<br>,A1
RecipeID: 05742<br>,A5
RecipeID: 49139<br>,A3
RecipeID: 08352<br>,A5
RecipeID: 51863<br>,A3
RecipeID: 52615<br>,A2
RecipeID: 20759<br>,A1
RecipeID: 11626<br>,A2
RecipeID: 30984<br>,A5
RecipeID: 37630<br>,A3
RecipeID: 01876<br>,A1
RecipeID: 53665<br>,A3
RecipeID: 12045<br>,A1
RecipeID: 12144<br>,A3
RecipeID: 50882<br>,A5
RecipeID: 12079<br>,A5
RecipeID: 51789<br>,A5
RecipeID: 39116<br>,A5
RecipeID: 35926<br>,A3
RecipeID: 50618<br>,A3
RecipeID: 23351<br>,A6
RecipeID: 16244<br>,A5
RecipeID: 19579<br>,A5
RecipeID: 45784<br>,A4
RecipeID: 20395<br>,A3
RecipeID: 20528<br>,A5
RecipeID: 31675<br>,A3
RecipeID: 13827<br>,A3
RecipeID: 01656<br>,A4
RecipeID: 17131<br>,A5
RecipeID: 53471<br>,A4
RecipeID: 03313<br>,A2
RecipeID: 18500<br>,A2
RecipeID: 08713<br>,A4
RecipeID: 26594<br>,A2
RecipeID: 41619<br>,A3
RecipeID: 10730<br>,A4
RecipeID: 48528<br>,A4
RecipeID: 15033<br>,A5
RecipeID: 18007<br>,A3
RecipeID: 06285<br>,A4
RecipeID: 13564<br>,A5
RecipeID: 08622<br>,A5
RecipeID: 49890<br>,A5
RecipeID: 54834<br>,A4
RecipeID: 05190<br>,A1
RecipeID: 45484<br>,A4
RecipeID: 45545<br>,A5
RecipeID: 24131<br>,A5
RecipeID: 14495<br>,A5
RecipeID: 53097<br>,A4
RecipeID: 19222<br>,A4
RecipeID: 17963<br>,A4
RecipeID: 41566<br>,A1
RecipeID: 15160<br>,A3
RecipeID: 14676<br>,A1
RecipeID: 10393<br>,A4
RecipeID: 21287<br>,A3
RecipeID: 21394<br>,A5
RecipeID: 39391<br>,A3
RecipeID: 37712<br>,A3
RecipeID: 05300<br>,A1
RecipeID: 22896<br>,A5
RecipeID: 18673<br>,A3
RecipeID: 17302<br>,A5
RecipeID: 43583<br>,A5
RecipeID: 14263<br>,A5
RecipeID: 30658<br>,A4
RecipeID: 35147<br>,A5
RecipeID: 38316<br>,A2
RecipeID: 47803<br>,A5
RecipeID: 49046<br>,A3
RecipeID: 11835<br>,A3
RecipeID: 07581<br>,A3
RecipeID: 30908<br>,A3
RecipeID: 47475<br>,A5
RecipeID: 30628<br>,A5
RecipeID: 18688<br>,A3
RecipeID: 24320<br>,A5
RecipeID: 52307<br>,A5
RecipeID: 52125<br>,A2
RecipeID: 33922<br>,A5
RecipeID: 12770<br>,A3
RecipeID: 32411<br>,A3
RecipeID: 02858<br>,A5
RecipeID: 04822<br>,A2
RecipeID: 26229<br>,A3
RecipeID: 06160<br>,A3
RecipeID: 14104<br>,A1
RecipeID: 24146<br>,A5
RecipeID: 44353<br>,A5
RecipeID: 46844<br>,A2
RecipeID: 10137<br>,A3
RecipeID: 45151<br>,A5
RecipeID: 35050<br>,A5
RecipeID: 03858<br>,A1
RecipeID: 42091<br>,A5
RecipeID: 17108<br>,A3
RecipeID: 53824<br>,A5
RecipeID: 32156<br>,A5
RecipeID: 05673<br>,A3
RecipeID: 33441<br>,A5
RecipeID: 29309<br>,A3
RecipeID: 54207<br>,A3
RecipeID: 24705<br>,A3
RecipeID: 14358<br>,A1
RecipeID: 09032<br>,A5
RecipeID: 01487<br>,A3
RecipeID: 11992<br>,A4
RecipeID: 28944<br>,A3
RecipeID: 24164<br>,A5
RecipeID: 29304<br>,A2
RecipeID: 00302<br>,A2
RecipeID: 02206<br>,A2
RecipeID: 49687<br>,A6
RecipeID: 24077<br>,A4
RecipeID: 21768<br>,A5
RecipeID: 12122<br>,A5
RecipeID: 13446<br>,A5
RecipeID: 29737<br>,A5
RecipeID: 05079<br>,A5
RecipeID: 44840<br>,A2
RecipeID: 30413<br>,A3
RecipeID: 41462<br>,A3
RecipeID: 35343<br>,A2
RecipeID: 16422<br>,A4
RecipeID: 09418<br>,A5
RecipeID: 03037<br>,A3
RecipeID: 15348<br>,A1
RecipeID: 10757<br>,A3
RecipeID: 42815<br>,A2
RecipeID: 42782<br>,A5
RecipeID: 24030<br>,A3
RecipeID: 13872<br>,A5
RecipeID: 03157<br>,A5
RecipeID: 40907<br>,A3
RecipeID: 07748<br>,A1
RecipeID: 38460<br>,A3
RecipeID: 26862<br>,A3
RecipeID: 43056<br>,A5
RecipeID: 08414<br>,A3
RecipeID: 52802<br>,A3
RecipeID: 52216<br>,A2
RecipeID: 35852<br>,A1
RecipeID: 17733<br>,A5
RecipeID: 00348<br>,A3
RecipeID: 08338<br>,A3
RecipeID: 34221<br>,A1
RecipeID: 19178<br>,A5
RecipeID: 08493<br>,A5
RecipeID: 33025<br>,A3
RecipeID: 52980<br>,A3
RecipeID: 13984<br>,A4
RecipeID: 06423<br>,A5
RecipeID: 06173<br>,A5
RecipeID: 08513<br>,A3
RecipeID: 51165<br>,A1
RecipeID: 48924<br>,A5
RecipeID: 06102<br>,A5
RecipeID: 01780<br>,A2
RecipeID: 53509<br>,A5
RecipeID: 54534<br>,A3
RecipeID: 26402<br>,A5
RecipeID: 14967<br>,A2
RecipeID: 16267<br>,A3
RecipeID: 49800<br>,A3
RecipeID: 17905<br>,A2
RecipeID: 23726<br>,A1
RecipeID: 47780<br>,A3
RecipeID: 23107<br>,A4
RecipeID: 39706<br>,A1
RecipeID: 38772<br>,A5
RecipeID: 28781<br>,A3
RecipeID: 50756<br>,A1
RecipeID: 06753<br>,A5
RecipeID: 18143<br>,A2
RecipeID: 15466<br>,A6
RecipeID: 17190<br>,A5
RecipeID: 33018<br>,A5
RecipeID: 26956<br>,A2
RecipeID: 29084<br>,A1
RecipeID: 48321<br>,A3
RecipeID: 34384<br>,A3
RecipeID: 33892<br>,A3
RecipeID: 48680<br>,A1
RecipeID: 08840<br>,A5
RecipeID: 01337<br>,A4
RecipeID: 03448<br>,A3
RecipeID: 54233<br>,A3
RecipeID: 20240<br>,A5
RecipeID: 09364<br>,A2
RecipeID: 27500<br>,A5
RecipeID: 15306<br>,A5
RecipeID: 27803<br>,A5
RecipeID: 40200<br>,A5
RecipeID: 29424<br>,A2
RecipeID: 33092<br>,A3
RecipeID: 40119<br>,A3
RecipeID: 18922<br>,A3
RecipeID: 31460<br>,A5
RecipeID: 25552<br>,A5
RecipeID: 34528<br>,A5
RecipeID: 53727<br>,A4
RecipeID: 07676<br>,A5
RecipeID: 10071<br>,A5
RecipeID: 18793<br>,A4
RecipeID: 39287<br>,A2
RecipeID: 48160<br>,A3
RecipeID: 51488<br>,A2
RecipeID: 41715<br>,A4
RecipeID: 09829<br>,A2
RecipeID: 25632<br>,A3
RecipeID: 32305<br>,A3
RecipeID: 08022<br>,A3
RecipeID: 36326<br>,A4
RecipeID: 28747<br>,A5
RecipeID: 31615<br>,A2
RecipeID: 26328<br>,A2
RecipeID: 12276<br>,A5
RecipeID: 03595<br>,A4
RecipeID: 22920<br>,A4
RecipeID: 50498<br>,A5
RecipeID: 22927<br>,A5
RecipeID: 35733<br>,A5
RecipeID: 36386<br>,A3
RecipeID: 12558<br>,A3
RecipeID: 41532<br>,A3
RecipeID: 39978<br>,A3
RecipeID: 49100<br>,A3
RecipeID: 25105<br>,A5
RecipeID: 39914<br>,A3
RecipeID: 26666<br>,A4
RecipeID: 48868<br>,A2
RecipeID: 52124<br>,A5
RecipeID: 50768<br>,A3
RecipeID: 02306<br>,A5
RecipeID: 30309<br>,A3
RecipeID: 37651<br>,A3
RecipeID: 51554<br>,A4
RecipeID: 53901<br>,A3
RecipeID: 18035<br>,A5
RecipeID: 49927<br>,A4
RecipeID: 04661<br>,A4
RecipeID: 33262<br>,A5
RecipeID: 01557<br>,A4
RecipeID: 31715<br>,A3
RecipeID: 10212<br>,A5
RecipeID: 29290<br>,A4
RecipeID: 29818<br>,A4
RecipeID: 21357<br>,A1
RecipeID: 30561<br>,A5
RecipeID: 49143<br>,A5
RecipeID: 07111<br>,A1
RecipeID: 19239<br>,A3
RecipeID: 33182<br>,A5
RecipeID: 00117<br>,A3
RecipeID: 29661<br>,A3
RecipeID: 31054<br>,A3
RecipeID: 41105<br>,A4
RecipeID: 13959<br>,A4
RecipeID: 03883<br>,A5
RecipeID: 40806<br>,A3
RecipeID: 44975<br>,A5
RecipeID: 34227<br>,A3
RecipeID: 41895<br>,A2
RecipeID: 22385<br>,A5
RecipeID: 15566<br>,A5
RecipeID: 39522<br>,A1
RecipeID: 31924<br>,A1
RecipeID: 33421<br>,A3
RecipeID: 37017<br>,A4
RecipeID: 02936<br>,A4
RecipeID: 51034<br>,A3
RecipeID: 05995<br>,A3
RecipeID: 42747<br>,A5
RecipeID: 37971<br>,A3
RecipeID: 44304<br>,A5
RecipeID: 39215<br>,A3
RecipeID: 20583<br>,A5
RecipeID: 05414<br>,A5
RecipeID: 27565<br>,A2
RecipeID: 40432<br>,A5
RecipeID: 09714<br>,A2
RecipeID: 08359<br>,A3
RecipeID: 52998<br>,A5
RecipeID: 21313<br>,A5
RecipeID: 16711<br>,A2
RecipeID: 12936<br>,A4
RecipeID: 20101<br>,A5
RecipeID: 03932<br>,A3
RecipeID: 11183<br>,A5
RecipeID: 07118<br>,A3
RecipeID: 51000<br>,A4
RecipeID: 36771<br>,A5
RecipeID: 26216<br>,A4
RecipeID: 43537<br>,A3
RecipeID: 52490<br>,A5
RecipeID: 18565<br>,A1
RecipeID: 24035<br>,A2
RecipeID: 29834<br>,A3
RecipeID: 10414<br>,A5
RecipeID: 22996<br>,A4
RecipeID: 23570<br>,A5
RecipeID: 06136<br>,A3
RecipeID: 16080<br>,A4
RecipeID: 48826<br>,A5
RecipeID: 08633<br>,A3
RecipeID: 14551<br>,A3
RecipeID: 35224<br>,A5
RecipeID: 32619<br>,A3
RecipeID: 39234<br>,A4
RecipeID: 41721<br>,A4
RecipeID: 31366<br>,A3
RecipeID: 26569<br>,A5
RecipeID: 47597<br>,A4
RecipeID: 16522<br>,A5
RecipeID: 39996<br>,A3
RecipeID: 42329<br>,A5
RecipeID: 17646<br>,A4
RecipeID: 36026<br>,A5
RecipeID: 15656<br>,A5
RecipeID: 09777<br>,A5
RecipeID: 40700<br>,A1
RecipeID: 48408<br>,A5
RecipeID: 44861<br>,A4
RecipeID: 41581<br>,A5
RecipeID: 15585<br>,A3
RecipeID: 10267<br>,A5
RecipeID: 33607<br>,A2
RecipeID: 20238<br>,A5
RecipeID: 51505<br>,A5
RecipeID: 49965<br>,A4
RecipeID: 34407<br>,A5
RecipeID: 42325<br>,A3
RecipeID: 01820<br>,A5
RecipeID: 14537<br>,A3
RecipeID: 27693<br>,A5
RecipeID: 16172<br>,A5
RecipeID: 36382<br>,A1
RecipeID: 07017<br>,A4
RecipeID: 47405<br>,A3
RecipeID: 02594<br>,A4
RecipeID: 15542<br>,A3
RecipeID: 14646<br>,A3
RecipeID: 44598<br>,A2
RecipeID: 51173<br>,A5
RecipeID: 16691<br>,A5
RecipeID: 52636<br>,A4
RecipeID: 23921<br>,A3
RecipeID: 53569<br>,A4
RecipeID: 12867<br>,A3
RecipeID: 45355<br>,A4
RecipeID: 34019<br>,A3
RecipeID: 06042<br>,A5
RecipeID: 08897<br>,A3
RecipeID: 34130<br>,A5
RecipeID: 04655<br>,A3
RecipeID: 46900<br>,A3
RecipeID: 27619<br>,A3
RecipeID: 00460<br>,A3
RecipeID: 07828<br>,A3
RecipeID: 11810<br>,A5
RecipeID: 04049<br>,A5
RecipeID: 34315<br>,A3
RecipeID: 43961<br>,A5
RecipeID: 11612<br>,A3
RecipeID: 21411<br>,A4
RecipeID: 27504<br>,A3
RecipeID: 11068<br>,A3
RecipeID: 11512<br>,A4
RecipeID: 30279<br>,A5
RecipeID: 40947<br>,A4
RecipeID: 29301<br>,A5
RecipeID: 15856<br>,A3
RecipeID: 11503<br>,A4
RecipeID: 20304<br>,A2
RecipeID: 44316<br>,A1
RecipeID: 52385<br>,A5
RecipeID: 03252<br>,A5
RecipeID: 06105<br>,A4
RecipeID: 20116<br>,A5
RecipeID: 46213<br>,A5
RecipeID: 04848<br>,A3
RecipeID: 08118<br>,A5
RecipeID: 52930<br>,A5
RecipeID: 49430<br>,A1
RecipeID: 03234<br>,A5
RecipeID: 32805<br>,A5
RecipeID: 45536<br>,A3
RecipeID: 44096<br>,A3
RecipeID: 12321<br>,A5
RecipeID: 00084<br>,A4
RecipeID: 54673<br>,A5
RecipeID: 13100<br>,A3
RecipeID: 20028<br>,A4
RecipeID: 16758<br>,A5
RecipeID: 46706<br>,A3
RecipeID: 35187<br>,A5
RecipeID: 36977<br>,A1
RecipeID: 54587<br>,A3
RecipeID: 09251<br>,A1
RecipeID: 14634<br>,A5
RecipeID: 35855<br>,A3
RecipeID: 41930<br>,A2
RecipeID: 12906<br>,A5
RecipeID: 39975<br>,A3
RecipeID: 14232<br>,A3
RecipeID: 44152<br>,A5
RecipeID: 46174<br>,A5
RecipeID: 21517<br>,A5
RecipeID: 27838<br>,A3
RecipeID: 49855<br>,A3
RecipeID: 16555<br>,A5
RecipeID: 37810<br>,A2
RecipeID: 08097<br>,A3
RecipeID: 41977<br>,A5
RecipeID: 00632<br>,A5
RecipeID: 27836<br>,A3
RecipeID: 26618<br>,A3
RecipeID: 53785<br>,A3
RecipeID: 06184<br>,A5
RecipeID: 07982<br>,A3
RecipeID: 24685<br>,A3
RecipeID: 14581<br>,A5
RecipeID: 22130<br>,A5
RecipeID: 19924<br>,A1
RecipeID: 14833<br>,A5
RecipeID: 38379<br>,A5
RecipeID: 01768<br>,A4
RecipeID: 40241<br>,A3
RecipeID: 04308<br>,A3
RecipeID: 32143<br>,A5
RecipeID: 07080<br>,A5
RecipeID: 47467<br>,A5
RecipeID: 45009<br>,A3
RecipeID: 46690<br>,A2
RecipeID: 35344<br>,A5
RecipeID: 10434<br>,A3
RecipeID: 08068<br>,A4
RecipeID: 29348<br>,A3
RecipeID: 52741<br>,A4
RecipeID: 40766<br>,A3
RecipeID: 54664<br>,A4
RecipeID: 37622<br>,A5
RecipeID: 43125<br>,A3
RecipeID: 34676<br>,A4
RecipeID: 38083<br>,A3
RecipeID: 35250<br>,A3
RecipeID: 37717<br>,A3
RecipeID: 00683<br>,A3
RecipeID: 23773<br>,A4
RecipeID: 38537<br>,A5
RecipeID: 00526<br>,A3
RecipeID: 51702<br>,A5
RecipeID: 01432<br>,A5
RecipeID: 20585<br>,A3
RecipeID: 30138<br>,A5
RecipeID: 19909<br>,A3
RecipeID: 51633<br>,A4
RecipeID: 51077<br>,A3
RecipeID: 42219<br>,A3
RecipeID: 48080<br>,A4
RecipeID: 51327<br>,A5
RecipeID: 27006<br>,A5
RecipeID: 09461<br>,A5
RecipeID: 11383<br>,A5
RecipeID: 46835<br>,A4
RecipeID: 40104<br>,A3
RecipeID: 43775<br>,A5
RecipeID: 42860<br>,A5
RecipeID: 01007<br>,A3
RecipeID: 07406<br>,A1
RecipeID: 28920<br>,A4
RecipeID: 01464<br>,A3
RecipeID: 06304<br>,A3
RecipeID: 37424<br>,A1
RecipeID: 23126<br>,A4
RecipeID: 30087<br>,A5
RecipeID: 07573<br>,A3
RecipeID: 20506<br>,A5
RecipeID: 39809<br>,A3
RecipeID: 21945<br>,A5
RecipeID: 21643<br>,A2
RecipeID: 54692<br>,A5
RecipeID: 20039<br>,A5
RecipeID: 53531<br>,A2
RecipeID: 07396<br>,A5
RecipeID: 29816<br>,A5
RecipeID: 04224<br>,A3
RecipeID: 52669<br>,A4
RecipeID: 42847<br>,A5
RecipeID: 10841<br>,A5
RecipeID: 02427<br>,A3
RecipeID: 01546<br>,A5
RecipeID: 40094<br>,A3
RecipeID: 30555<br>,A5
RecipeID: 03113<br>,A3
RecipeID: 48231<br>,A3
RecipeID: 05649<br>,A3
RecipeID: 39946<br>,A5
RecipeID: 17184<br>,A4
RecipeID: 33100<br>,A2
RecipeID: 16511<br>,A5
RecipeID: 46416<br>,A5
RecipeID: 38794<br>,A5
RecipeID: 10663<br>,A5
RecipeID: 13795<br>,A3
RecipeID: 06242<br>,A5
RecipeID: 48914<br>,A5
RecipeID: 39205<br>,A3
RecipeID: 49152<br>,A6
RecipeID: 00748<br>,A3
RecipeID: 53267<br>,A2
RecipeID: 46012<br>,A3
RecipeID: 04636<br>,A5
RecipeID: 22578<br>,A3
RecipeID: 36896<br>,A4
RecipeID: 03673<br>,A5
RecipeID: 03526<br>,A1
RecipeID: 08723<br>,A4
RecipeID: 09886<br>,A4
RecipeID: 39375<br>,A3
RecipeID: 39972<br>,A1
RecipeID: 48678<br>,A3
RecipeID: 20485<br>,A1
RecipeID: 37007<br>,A4
RecipeID: 13443<br>,A5
RecipeID: 11299<br>,A1
RecipeID: 34125<br>,A5
RecipeID: 41081<br>,A3
RecipeID: 43768<br>,A2
RecipeID: 13785<br>,A1
RecipeID: 06506<br>,A4
RecipeID: 53673<br>,A5
RecipeID: 16459<br>,A5
RecipeID: 45225<br>,A5
RecipeID: 50296<br>,A3
RecipeID: 41070<br>,A3
RecipeID: 47000<br>,A1
RecipeID: 45016<br>,A5
RecipeID: 16924<br>,A3
RecipeID: 09246<br>,A5
RecipeID: 05570<br>,A4
RecipeID: 47320<br>,A3
RecipeID: 48448<br>,A4
RecipeID: 22706<br>,A4
RecipeID: 25447<br>,A5
RecipeID: 09437<br>,A4
RecipeID: 23266<br>,A5
RecipeID: 46916<br>,A3
RecipeID: 07392<br>,A3
RecipeID: 05578<br>,A4
RecipeID: 27571<br>,A3
RecipeID: 37349<br>,A1
RecipeID: 36639<br>,A5
RecipeID: 16477<br>,A4
RecipeID: 54528<br>,A3
RecipeID: 53117<br>,A1
RecipeID: 06374<br>,A3
RecipeID: 28372<br>,A5
RecipeID: 03558<br>,A5
RecipeID: 46613<br>,A5
RecipeID: 35171<br>,A3
RecipeID: 49628<br>,A4
RecipeID: 01524<br>,A4
RecipeID: 54521<br>,A6
RecipeID: 48625<br>,A5
RecipeID: 05166<br>,A5
RecipeID: 01810<br>,A5
RecipeID: 39994<br>,A5
RecipeID: 22283<br>,A5
RecipeID: 09896<br>,A5
RecipeID: 51181<br>,A3
RecipeID: 50277<br>,A1
RecipeID: 04940<br>,A5
RecipeID: 07032<br>,A3
RecipeID: 40222<br>,A3
RecipeID: 37935<br>,A5
RecipeID: 49452<br>,A5
RecipeID: 09327<br>,A3
RecipeID: 01878<br>,A3
RecipeID: 31037<br>,A1
RecipeID: 29856<br>,A3
RecipeID: 31275<br>,A5
RecipeID: 24822<br>,A1
RecipeID: 47995<br>,A3
RecipeID: 02309<br>,A3
RecipeID: 00896<br>,A3
RecipeID: 15206<br>,A4
RecipeID: 18669<br>,A4
RecipeID: 39126<br>,A4
RecipeID: 11024<br>,A3
RecipeID: 19978<br>,A5
RecipeID: 19532<br>,A5
RecipeID: 26318<br>,A6
RecipeID: 11686<br>,A5
RecipeID: 01351<br>,A4
RecipeID: 04798<br>,A3
RecipeID: 51042<br>,A5
RecipeID: 28064<br>,A3
RecipeID: 52574<br>,A4
RecipeID: 53263<br>,A5
RecipeID: 31796<br>,A3
RecipeID: 33548<br>,A4
RecipeID: 26628<br>,A3
RecipeID: 52106<br>,A3
RecipeID: 42389<br>,A5
RecipeID: 40575<br>,A5
RecipeID: 42871<br>,A3
RecipeID: 30084<br>,A5
RecipeID: 50908<br>,A3
RecipeID: 16738<br>,A1
RecipeID: 06144<br>,A1
RecipeID: 22076<br>,A3
RecipeID: 40995<br>,A5
RecipeID: 33318<br>,A1
RecipeID: 18157<br>,A3
RecipeID: 01463<br>,A5
RecipeID: 35237<br>,A4
RecipeID: 47805<br>,A4
RecipeID: 28122<br>,A5
RecipeID: 38911<br>,A1
RecipeID: 27712<br>,A4
RecipeID: 03665<br>,A5
RecipeID: 54674<br>,A1
RecipeID: 46902<br>,A3
RecipeID: 14847<br>,A4
RecipeID: 49361<br>,A3
RecipeID: 09681<br>,A5
RecipeID: 23790<br>,A3
RecipeID: 25329<br>,A5
RecipeID: 45827<br>,A5
RecipeID: 30100<br>,A2
RecipeID: 42153<br>,A3
RecipeID: 18058<br>,A5
RecipeID: 52188<br>,A3
RecipeID: 41214<br>,A5
RecipeID: 23714<br>,A3
RecipeID: 04059<br>,A5
RecipeID: 46566<br>,A4
RecipeID: 20412<br>,A2
RecipeID: 05739<br>,A1
RecipeID: 23759<br>,A1
RecipeID: 50878<br>,A4
RecipeID: 04010<br>,A4
RecipeID: 18830<br>,A1
RecipeID: 38632<br>,A3
RecipeID: 09293<br>,A3
RecipeID: 21246<br>,A5
RecipeID: 26127<br>,A3
RecipeID: 12871<br>,A5
RecipeID: 40097<br>,A3
RecipeID: 48238<br>,A3
RecipeID: 44259<br>,A4
RecipeID: 16428<br>,A5
RecipeID: 48915<br>,A2
RecipeID: 14065<br>,A4
RecipeID: 04309<br>,A5
RecipeID: 04436<br>,A3
RecipeID: 07988<br>,A5
RecipeID: 05928<br>,A3
RecipeID: 47789<br>,A5
RecipeID: 19183<br>,A2
RecipeID: 27735<br>,A4
RecipeID: 48809<br>,A5
RecipeID: 04590<br>,A5
RecipeID: 27549<br>,A1
RecipeID: 43496<br>,A1
RecipeID: 35491<br>,A3
RecipeID: 50864<br>,A2
RecipeID: 29752<br>,A4
RecipeID: 13539<br>,A2
RecipeID: 20329<br>,A3
RecipeID: 52671<br>,A1
RecipeID: 07537<br>,A5
RecipeID: 29819<br>,A5
RecipeID: 39563<br>,A2
RecipeID: 01919<br>,A5
RecipeID: 35656<br>,A5
RecipeID: 50327<br>,A3
RecipeID: 10675<br>,A4
RecipeID: 14795<br>,A3
RecipeID: 26040<br>,A3
RecipeID: 37789<br>,A5
RecipeID: 07543<br>,A5
RecipeID: 24716<br>,A5
RecipeID: 10351<br>,A5
RecipeID: 05869<br>,A5
RecipeID: 24421<br>,A5
RecipeID: 42903<br>,A5
RecipeID: 04526<br>,A1
RecipeID: 09876<br>,A4
RecipeID: 29985<br>,A3
RecipeID: 45548<br>,A3
RecipeID: 08053<br>,A5
RecipeID: 11457<br>,A5
RecipeID: 51293<br>,A4
RecipeID: 33349<br>,A5
RecipeID: 49113<br>,A5
RecipeID: 08523<br>,A3
RecipeID: 45377<br>,A5
RecipeID: 03138<br>,A5
RecipeID: 23686<br>,A4
RecipeID: 21666<br>,A3
RecipeID: 42505<br>,A4
RecipeID: 39616<br>,A1
RecipeID: 03156<br>,A3
RecipeID: 36745<br>,A3
RecipeID: 06854<br>,A1
RecipeID: 43561<br>,A4
RecipeID: 19068<br>,A3
RecipeID: 11090<br>,A5
RecipeID: 46225<br>,A5
RecipeID: 21576<br>,A4
RecipeID: 30993<br>,A3
RecipeID: 13147<br>,A5
RecipeID: 48938<br>,A5
RecipeID: 38678<br>,A3
RecipeID: 53246<br>,A3
RecipeID: 42053<br>,A3
RecipeID: 17962<br>,A3
RecipeID: 22981<br>,A5
RecipeID: 02726<br>,A3
RecipeID: 02821<br>,A3
RecipeID: 19493<br>,A1
RecipeID: 19112<br>,A5
RecipeID: 40896<br>,A3
RecipeID: 05049<br>,A3
RecipeID: 18040<br>,A3
RecipeID: 17609<br>,A3
RecipeID: 02476<br>,A3
RecipeID: 52674<br>,A5
RecipeID: 44266<br>,A3
RecipeID: 03703<br>,A3
RecipeID: 11475<br>,A3
RecipeID: 54363<br>,A5
RecipeID: 36819<br>,A1
RecipeID: 44261<br>,A3
RecipeID: 36892<br>,A3
RecipeID: 37052<br>,A5
RecipeID: 11537<br>,A3
RecipeID: 21220<br>,A3
RecipeID: 51287<br>,A1
RecipeID: 19408<br>,A1
RecipeID: 39649<br>,A3
RecipeID: 34478<br>,A3
RecipeID: 16893<br>,A3
RecipeID: 05335<br>,A4
RecipeID: 30856<br>,A4
RecipeID: 08847<br>,A2
RecipeID: 21486<br>,A3
RecipeID: 45146<br>,A5
RecipeID: 11823<br>,A3
RecipeID: 16888<br>,A5
RecipeID: 24643<br>,A3
RecipeID: 39624<br>,A3
RecipeID: 05232<br>,A6
RecipeID: 25631<br>,A5
RecipeID: 42171<br>,A3
RecipeID: 52416<br>,A3
RecipeID: 48726<br>,A1
RecipeID: 11331<br>,A5
RecipeID: 47074<br>,A3
RecipeID: 45243<br>,A3
RecipeID: 44025<br>,A2
RecipeID: 26968<br>,A1
RecipeID: 30221<br>,A5
RecipeID: 09660<br>,A5
RecipeID: 05091<br>,A3
RecipeID: 12894<br>,A5
RecipeID: 37421<br>,A3
RecipeID: 36490<br>,A1
RecipeID: 17549<br>,A5
RecipeID: 36280<br>,A4
RecipeID: 34476<br>,A5
RecipeID: 34304<br>,A1
RecipeID: 22627<br>,A3
RecipeID: 07516<br>,A4
RecipeID: 34040<br>,A4
RecipeID: 40795<br>,A5
RecipeID: 36922<br>,A4
RecipeID: 32764<br>,A4
RecipeID: 49660<br>,A5
RecipeID: 43355<br>,A5
RecipeID: 49879<br>,A3
RecipeID: 25490<br>,A3
RecipeID: 34320<br>,A2
RecipeID: 27323<br>,A4
RecipeID: 18166<br>,A4
RecipeID: 12953<br>,A5
RecipeID: 22730<br>,A3
RecipeID: 53172<br>,A1
RecipeID: 09666<br>,A3
RecipeID: 11856<br>,A1
RecipeID: 19255<br>,A5
RecipeID: 45853<br>,A3
RecipeID: 19961<br>,A5
RecipeID: 43205<br>,A1
RecipeID: 40564<br>,A1
RecipeID: 28558<br>,A5
RecipeID: 23626<br>,A1
RecipeID: 38446<br>,A3
RecipeID: 04381<br>,A5
RecipeID: 31196<br>,A5
RecipeID: 06908<br>,A4
RecipeID: 36161<br>,A3
RecipeID: 38008<br>,A3
RecipeID: 25598<br>,A4
RecipeID: 50304<br>,A3
RecipeID: 25739<br>,A3
RecipeID: 12439<br>,A5
RecipeID: 22445<br>,A6
RecipeID: 19821<br>,A3
RecipeID: 39201<br>,A3
RecipeID: 25196<br>,A3
RecipeID: 41529<br>,A1
RecipeID: 05403<br>,A4
RecipeID: 04030<br>,A3
RecipeID: 08065<br>,A3
RecipeID: 16430<br>,A5
RecipeID: 30635<br>,A3
RecipeID: 40464<br>,A5
RecipeID: 52723<br>,A5
RecipeID: 14035<br>,A5
RecipeID: 13683<br>,A1
RecipeID: 14430<br>,A5
RecipeID: 29929<br>,A1
RecipeID: 39344<br>,A4
RecipeID: 16577<br>,A4
RecipeID: 34028<br>,A5
RecipeID: 47232<br>,A3
RecipeID: 39725<br>,A4
RecipeID: 19323<br>,A3
RecipeID: 52467<br>,A3
RecipeID: 21126<br>,A3
RecipeID: 31368<br>,A4
RecipeID: 54504<br>,A5
RecipeID: 10121<br>,A5
RecipeID: 52455<br>,A2
RecipeID: 15041<br>,A5
RecipeID: 35403<br>,A3
RecipeID: 07203<br>,A3
RecipeID: 26811<br>,A3
RecipeID: 25234<br>,A4
RecipeID: 25856<br>,A1
